n,step,dividend_degree,divisor_degree,next_remainder_degree,next_remainder_zero,divisor_num_max,divisor_den_max,divisor_total_bits,cofactor_num_max,cofactor_den_max,coefficient_ops,bit_work,limb_work
4,0,3,4,3,false,2,1,8,0,0,6,40,29
4,1,4,3,2,false,3,5,20,2,3,17,180,74
4,2,3,2,1,false,7,8,25,4,5,18,376,78
4,3,2,1,0,false,16,16,34,13,15,19,1201,82
4,4,1,0,0,true,1,1,2,24,26,20,1451,82
8,0,7,8,7,false,2,1,12,0,0,10,68,49
8,1,8,7,6,false,4,4,36,1,2,29,279,130
8,2,7,6,5,false,7,10,73,4,6,30,713,134
8,3,6,5,4,false,11,14,112,7,10,31,1482,138
8,4,5,4,3,false,22,22,160,18,19,32,2980,142
8,5,4,3,2,false,32,30,183,27,29,33,4870,154
8,6,3,2,1,false,43,44,175,40,44,34,7553,196
8,7,2,1,0,false,57,56,115,51,55,35,10309,232
8,8,1,0,0,true,1,1,2,63,67,36,8105,197
16,0,15,16,15,false,2,1,20,0,0,18,129,89
16,1,16,15,14,false,5,6,115,2,4,53,863,242
16,2,15,14,13,false,12,9,228,6,7,54,2130,246
16,3,14,13,12,false,19,19,462,17,19,55,4897,250
16,4,13,12,11,false,29,29,604,23,25,56,7423,258
16,5,12,11,10,false,32,32,635,25,28,57,9058,266
16,6,11,10,9,false,37,37,685,32,34,58,10982,298
16,7,10,9,8,false,42,42,720,37,40,59,13054,380
16,8,9,8,7,false,49,47,737,44,45,60,15520,392
16,9,8,7,6,false,57,55,775,54,55,61,18930,408
16,10,7,6,5,false,69,68,801,66,68,62,23270,520
16,11,6,5,4,false,76,76,734,70,74,63,26569,649
16,12,5,4,3,false,87,88,696,83,87,64,31719,674
16,13,4,3,2,false,98,99,575,93,97,65,36324,714
16,14,3,2,1,false,105,104,418,102,104,66,40696,796
16,15,2,1,0,false,118,121,241,118,123,67,47406,872
16,16,1,0,0,true,1,1,2,127,131,68,32675,639
32,0,31,32,31,false,2,1,36,0,0,34,248,169
32,1,32,31,30,false,6,4,201,3,2,101,1325,465
32,2,31,30,29,false,8,9,295,2,4,102,2456,467
32,3,30,29,28,false,16,19,760,10,14,103,6061,474
32,4,29,28,27,false,27,22,1191,21,20,104,11544,478
32,5,28,27,26,false,37,31,1650,31,29,105,17386,505
32,6,27,26,25,false,48,46,2336,45,46,106,25725,661
32,7,26,25,24,false,58,55,2622,50,53,107,31800,712
32,8,25,24,23,false,60,58,2590,52,54,108,33231,720
32,9,24,23,22,false,58,55,2407,50,51,109,33593,728
32,10,23,22,21,false,68,64,2704,61,62,110,38828,759
32,11,22,21,20,false,76,72,2997,70,71,111,45861,1117
32,12,21,20,19,false,88,86,3382,82,85,112,54518,1189
32,13,20,19,18,false,97,94,3448,91,91,113,60142,1208
32,14,19,18,17,false,102,101,3502,96,99,114,64105,1240
32,15,18,17,16,false,99,95,3178,93,91,115,64066,1255
32,16,17,16,15,false,102,96,3023,94,92,116,64144,1271
32,17,16,15,14,false,105,104,3080,99,101,117,70442,1381
32,18,15,14,13,false,120,120,3271,113,116,118,80585,1528
32,19,14,13,12,false,137,136,3496,131,135,119,94095,1797
32,20,13,12,11,false,154,152,3639,150,152,120,107644,2024
32,21,12,11,10,false,169,169,3671,163,167,121,120089,2186
32,22,11,10,9,false,180,177,3527,173,175,122,129991,2322
32,23,10,9,8,false,193,194,3447,189,193,123,142544,2501
32,24,9,8,7,false,206,204,3262,201,204,124,154241,2828
32,25,8,7,6,false,215,215,2978,211,214,125,163721,2914
32,26,7,6,5,false,224,221,2649,217,219,126,171370,2992
32,27,6,5,4,false,234,233,2323,230,233,127,181443,3154
32,28,5,4,3,false,247,247,1968,243,247,128,193797,3304
32,29,4,3,2,false,257,258,1543,252,255,129,204766,3357
32,30,3,2,1,false,270,270,1080,266,270,130,216966,3820
32,31,2,1,0,false,282,281,565,275,280,131,228257,3914
32,32,1,0,0,true,1,1,2,290,294,132,148033,2646
48,0,47,48,47,false,2,1,52,0,0,50,370,249
48,1,48,47,46,false,4,5,268,1,3,149,1593,690
48,2,47,46,45,false,7,8,416,2,4,150,2709,694
48,3,46,45,44,false,13,11,947,10,11,151,6691,698
48,4,45,44,43,false,21,22,1702,18,21,152,14882,702
48,5,44,43,42,false,35,35,2649,29,31,153,25497,779
48,6,43,42,41,false,51,51,4171,48,51,154,41127,1021
48,7,42,41,40,false,55,53,3944,51,51,155,46150,1030
48,8,41,40,39,false,60,60,4497,56,58,156,51595,1040
48,9,40,39,38,false,65,66,4902,61,63,157,57589,1094
48,10,39,38,37,false,72,69,5180,68,67,158,63215,1547
48,11,38,37,36,false,82,82,5725,78,81,159,71954,1688
48,12,37,36,35,false,90,90,6167,83,86,160,80568,1702
48,13,36,35,34,false,93,94,6101,87,90,161,83744,1719
48,14,35,34,33,false,94,92,5884,87,88,162,83534,1726
48,15,34,33,32,false,94,90,5781,89,88,163,85495,1752
48,16,33,32,31,false,104,105,6358,100,103,164,95030,1858
48,17,32,31,30,false,114,115,6838,110,113,165,106443,2100
48,18,31,30,29,false,121,119,6921,114,116,166,114683,2136
48,19,30,29,28,false,129,131,7229,126,129,167,124056,2253
48,20,29,28,27,false,134,132,7208,130,129,168,129681,2413
48,21,28,27,26,false,140,135,7156,132,132,169,133619,2511
48,22,27,26,25,false,143,141,7233,136,139,170,140787,2838
48,23,26,25,24,false,155,154,7515,148,153,171,152446,2887
48,24,25,24,23,false,165,164,7765,160,163,172,165788,3013
48,25,24,23,22,false,169,170,7611,161,165,173,174379,3221
48,26,23,22,21,false,183,182,7946,178,180,174,188782,3342
48,27,22,21,20,false,195,193,8034,189,192,175,202733,3405
48,28,21,20,19,false,207,205,8146,201,202,176,217200,3934
48,29,20,19,18,false,223,222,8338,215,219,177,235150,4118
48,30,19,18,17,false,238,232,8421,233,232,178,253299,4396
48,31,18,17,16,false,244,244,8231,239,242,179,265586,4584
48,32,17,16,15,false,255,252,8065,249,250,180,277836,4616
48,33,16,15,14,false,268,268,7976,263,267,181,294961,5194
48,34,15,14,13,false,281,280,7807,275,279,182,312209,5396
48,35,14,13,12,false,295,295,7593,289,292,183,329095,5587
48,36,13,12,11,false,306,306,7293,300,304,184,345994,5867
48,37,12,11,10,false,315,315,6866,309,313,185,359363,5944
48,38,11,10,9,false,320,321,6340,314,317,186,368705,5987
48,39,10,9,8,false,326,328,5851,322,325,187,380028,6408
48,40,9,8,7,false,342,341,5452,337,341,188,398426,6771
48,41,8,7,6,false,356,354,4937,351,353,189,416076,6974
48,42,7,6,5,false,365,365,4348,360,364,190,432041,7270
48,43,6,5,4,false,377,375,3736,370,373,191,447008,7400
48,44,5,4,3,false,391,393,3120,386,390,192,467886,7732
48,45,4,3,2,false,403,404,2419,398,403,193,487530,8224
48,46,3,2,1,false,415,415,1660,408,412,194,504429,8379
48,47,2,1,0,false,426,429,857,420,425,195,522347,8649
48,48,1,0,0,true,1,1,2,437,442,196,334469,5598
64,0,63,64,63,false,2,1,68,0,0,66,491,329
64,1,64,63,62,false,4,4,313,1,2,197,2220,914
64,2,63,62,61,false,11,9,931,6,7,198,7413,918
64,3,62,61,60,false,18,20,2065,15,18,199,17817,922
64,4,61,60,59,false,31,32,3359,26,29,200,30134,932
64,5,60,59,58,false,41,42,4186,31,37,201,39884,1181
64,6,59,58,57,false,49,44,4958,42,42,202,49140,1334
64,7,58,57,56,false,55,50,5367,46,46,203,55339,1352
64,8,57,56,55,false,61,58,6331,55,57,204,65548,1360
64,9,56,55,54,false,67,66,6724,59,61,205,72927,1404
64,10,55,54,53,false,72,70,7255,65,68,206,80759,1829
64,11,54,53,52,false,85,81,8205,79,79,207,93847,2194
64,12,53,52,51,false,96,95,9656,92,94,208,111328,2236
64,13,52,51,50,false,106,103,10005,99,101,209,121034,2359
64,14,51,50,49,false,107,106,9907,99,102,210,124439,2578
64,15,50,49,48,false,108,106,9732,100,101,211,125725,2655
64,16,49,48,47,false,107,105,9551,101,101,212,126411,2658
64,17,48,47,46,false,108,107,9577,101,104,213,129512,2695
64,18,47,46,45,false,115,114,9932,108,110,214,137142,2710
64,19,46,45,44,false,121,117,10284,116,116,215,146953,2760
64,20,45,44,43,false,132,128,11066,128,128,216,160079,2806
64,21,44,43,42,false,138,137,11378,132,136,217,171521,3258
64,22,43,42,41,false,143,143,11500,136,140,218,177944,3645
64,23,42,41,40,false,144,140,11130,137,138,219,180990,3670
64,24,41,40,39,false,157,154,11991,151,152,220,195891,3706
64,25,40,39,38,false,158,156,11903,152,153,221,204180,3747
64,26,39,38,37,false,164,160,11995,158,159,222,212530,3810
64,27,38,37,36,false,173,173,12461,166,172,223,226624,4147
64,28,37,36,35,false,186,184,12845,178,180,224,240403,4281
64,29,36,35,34,false,190,189,12924,184,187,225,252396,4312
64,30,35,34,33,false,204,203,13500,198,201,226,269481,4781
64,31,34,33,32,false,206,201,13135,199,197,227,275483,5206
64,32,33,32,31,false,203,200,12737,198,199,228,277286,5237
64,33,32,31,30,false,211,209,12851,204,206,229,288121,5299
64,34,31,30,29,false,226,224,13371,220,222,230,310060,5417
64,35,30,29,28,false,246,243,14065,241,243,231,338171,5799
64,36,29,28,27,false,266,265,14735,262,265,232,368958,6415
64,37,28,27,26,false,277,274,14782,271,272,233,391300,6865
64,38,27,26,25,false,298,296,15382,293,296,234,420893,7121
64,39,26,25,24,false,315,316,15614,308,314,235,450151,7496
64,40,25,24,23,false,330,326,15618,324,324,236,472726,7961
64,41,24,23,22,false,336,336,15290,329,333,237,488044,8470
64,42,23,22,21,false,350,348,15248,344,347,238,508592,8553
64,43,22,21,20,false,363,362,15125,355,359,239,531375,8945
64,44,21,20,19,false,379,378,15104,375,378,240,558691,9208
64,45,20,19,18,false,390,390,14736,385,389,241,581603,9627
64,46,19,18,17,false,403,398,14340,395,396,242,600199,10218
64,47,18,17,16,false,414,412,13980,407,409,243,620519,10314
64,48,17,16,15,false,425,420,13464,420,419,244,641117,10590
64,49,16,15,14,false,439,436,13030,432,435,245,663599,10983
64,50,15,14,13,false,453,452,12620,447,451,246,690461,11371
64,51,14,13,12,false,468,466,12075,461,465,247,717406,12040
64,52,13,12,11,false,484,484,11539,477,481,248,746448,12320
64,53,12,11,10,false,499,495,10891,492,494,249,773391,12639
64,54,11,10,9,false,507,508,10096,500,505,250,794774,12872
64,55,10,9,8,false,518,517,9292,513,516,251,816774,13267
64,56,9,8,7,false,534,534,8525,528,533,252,844354,13942
64,57,8,7,6,false,548,546,7628,540,545,253,869213,14181
64,58,7,6,5,false,558,559,6685,552,558,254,893814,14573
64,59,6,5,4,false,572,568,5682,567,568,255,918680,14824
64,60,5,4,3,false,584,585,4672,580,585,256,946288,15562
64,61,4,3,2,false,600,600,3596,595,599,257,975213,15960
64,62,3,2,1,false,611,612,2443,605,609,258,999447,16251
64,63,2,1,0,false,622,625,1249,620,625,259,1027120,16714
64,64,1,0,0,true,1,1,2,636,641,260,649613,10735
96,0,95,96,95,false,2,1,100,0,0,98,729,489
96,1,96,95,94,false,4,6,601,1,4,293,4462,1361
96,2,95,94,93,false,12,11,1472,7,8,294,12162,1361
96,3,94,93,92,false,20,18,2797,15,16,295,23947,1361
96,4,93,92,91,false,28,24,4003,22,21,296,36958,1361
96,5,92,91,90,false,37,36,5863,33,34,297,53715,1539
96,6,91,90,89,false,47,45,7325,42,44,298,70125,1941
96,7,90,89,88,false,50,44,7170,44,42,299,73824,1941
96,8,89,88,87,false,50,47,7112,43,43,300,74752,1941
96,9,88,87,86,false,57,56,8149,50,52,301,84976,1957
96,10,87,86,85,false,65,63,9358,60,61,302,100052,1977
96,11,86,85,84,false,77,77,11182,73,76,303,121249,2861
96,12,85,84,83,false,90,89,12574,85,88,304,141576,3073
96,13,84,83,82,false,95,91,12167,88,88,305,147886,3079
96,14,83,82,81,false,93,89,11533,87,86,306,144505,3069
96,15,82,81,80,false,92,86,11139,86,83,307,142479,3067
96,16,81,80,79,false,97,96,11972,93,95,308,152222,3109
96,17,80,79,78,false,105,101,12690,100,100,309,164344,3230
96,18,79,78,77,false,111,109,13694,105,108,310,177999,3624
96,19,78,77,76,false,114,111,13690,106,106,311,184169,3751
96,20,77,76,75,false,115,112,13935,108,108,312,188153,3781
96,21,76,75,74,false,117,114,14320,112,113,313,194993,3846
96,22,75,74,73,false,124,119,15004,118,118,314,206970,3883
96,23,74,73,72,false,133,131,16348,128,130,315,225593,4097
96,24,73,72,71,false,141,137,17324,135,135,316,242526,4890
96,25,72,71,70,false,142,142,17698,137,138,317,252471,5173
96,26,71,70,69,false,148,145,18232,141,143,318,262394,5230
96,27,70,69,68,false,152,150,19143,148,150,319,277508,5279
96,28,69,68,67,false,165,164,20716,161,164,320,301350,5472
96,29,68,67,66,false,178,176,22540,174,176,321,328801,5904
96,30,67,66,65,false,188,181,23363,182,180,322,348224,6107
96,31,66,65,64,false,197,196,24758,191,194,323,370040,6319
96,32,65,64,63,false,203,202,25227,197,199,324,386335,7140
96,33,64,63,62,false,208,208,25639,204,207,325,402335,7483
96,34,63,62,61,false,222,221,26513,213,219,326,421669,7518
96,35,62,61,60,false,230,227,26983,221,224,327,437973,7614
96,36,61,60,59,false,236,236,27253,226,232,328,452430,7764
96,37,60,59,58,false,233,234,26685,226,230,329,455574,7972
96,38,59,58,57,false,232,229,25924,225,224,330,451692,7706
96,39,58,57,56,false,226,219,24588,220,216,331,440623,7705
96,40,57,56,55,false,224,222,24214,219,219,332,436808,7686
96,41,56,55,54,false,223,219,23507,215,215,333,433088,7714
96,42,55,54,53,false,221,212,22768,214,210,334,430632,7742
96,43,54,53,52,false,221,219,22629,214,215,335,435715,7770
96,44,53,52,51,false,225,225,22874,220,221,336,446128,7836
96,45,52,51,50,false,226,224,22358,220,219,337,450137,7883
96,46,51,50,49,false,226,221,21825,220,217,338,448713,7857
96,47,50,49,48,false,219,219,20974,211,214,339,443146,7873
96,48,49,48,47,false,221,221,20865,215,217,340,447202,7907
96,49,48,47,46,false,223,223,20762,218,221,341,462040,8020
96,50,47,46,45,false,239,236,21683,235,235,342,490165,8452
96,51,46,45,44,false,255,252,22596,248,248,343,521377,8776
96,52,45,44,43,false,273,274,23816,268,272,344,562532,9866
96,53,44,43,42,false,294,294,25002,289,293,345,607347,10402
96,54,43,42,41,false,309,307,25582,304,304,346,644784,10838
96,55,42,41,40,false,321,321,26098,316,319,347,677404,11107
96,56,41,40,39,false,337,334,26610,330,332,348,712076,12192
96,57,40,39,38,false,356,356,27464,350,353,349,755057,12751
96,58,39,38,37,false,380,380,28568,372,377,350,805947,13399
96,59,38,37,36,false,399,396,29153,392,391,351,852546,14505
96,60,37,36,35,false,419,419,29942,412,416,352,901037,15014
96,61,36,35,34,false,435,435,30306,429,433,353,945051,15508
96,62,35,34,33,false,455,451,30620,448,449,354,983661,16198
96,63,34,33,32,false,461,451,29835,452,447,355,1002629,16411
96,64,33,32,31,false,486,484,30910,481,483,356,1058991,17414
96,65,32,31,30,false,506,505,31284,502,505,357,1118080,18248
96,66,31,30,29,false,528,527,31571,524,527,358,1170869,19410
96,67,30,29,28,false,543,543,31377,539,541,359,1212988,19905
96,68,29,28,27,false,557,558,31035,551,554,360,1249629,20392
96,69,28,27,26,false,579,578,31198,576,578,361,1301827,21270
96,70,27,26,25,false,597,597,30915,591,596,362,1348663,22233
96,71,26,25,24,false,611,610,30339,604,608,363,1384860,22527
96,72,25,24,23,false,625,624,29887,620,622,364,1424153,23178
96,73,24,23,22,false,636,636,29151,631,635,365,1457866,23400
96,74,23,22,21,false,646,646,28298,640,642,366,1483643,23777
96,75,22,21,20,false,661,660,27624,657,659,367,1522457,24889
96,76,21,20,19,false,680,677,27030,673,676,368,1566181,25393
96,77,20,19,18,false,691,690,26125,684,688,369,1602553,25939
96,78,19,18,17,false,700,696,25010,691,692,370,1627529,26160
96,79,18,17,16,false,711,709,24029,703,706,371,1658764,26688
96,80,17,16,15,false,726,726,23109,717,721,372,1697009,27733
96,81,16,15,14,false,739,741,22160,734,740,373,1743177,28185
96,82,15,14,13,false,759,758,21173,753,756,374,1787556,28862
96,83,14,13,12,false,773,775,20086,768,774,375,1834348,29479
96,84,13,12,11,false,793,793,18990,788,792,376,1885625,30507
96,85,12,11,10,false,803,803,17622,796,800,377,1919236,30875
96,86,11,10,9,false,814,814,16242,808,812,378,1952585,31542
96,87,10,9,8,false,825,824,14808,819,823,379,1987000,31816
96,88,9,8,7,false,837,837,13364,831,835,380,2022902,32342
96,89,8,7,6,false,852,850,11892,845,849,381,2062923,33450
96,90,7,6,5,false,865,863,10364,860,863,382,2103797,33822
96,91,6,5,4,false,874,874,8720,867,872,383,2134189,34304
96,92,5,4,3,false,880,880,7025,874,877,384,2158522,34626
96,93,4,3,2,false,891,894,5354,886,891,385,2193474,34920
96,94,3,2,1,false,907,907,3622,900,906,386,2234955,36062
96,95,2,1,0,false,926,922,1850,921,922,387,2283627,36643
96,96,1,0,0,true,1,1,2,938,943,388,1435472,23292
