family,degree,backend,complete_pairs,native_ms,external_ms,protocol_us,raw_ratio,adjusted_ratio,adjusted_pairs,protocol_fraction
Rational,2,Flint,4,3.8072194375,0.0365400322265625,9.275683959960938,106.0198778361483,142.6174408767664,4,0.2538499118568935
Rational,2,Z3,4,3.83738921875,0.02952154150390625,9.448687133789063,127.95886060060195,187.68888093985777,4,0.32006076418939117
Rational,4,Flint,4,18.456672125,0.0549273173828125,9.561808898925781,336.88153461312993,408.0585797995094,4,0.1740811194598373
Rational,4,Z3,4,18.215244375,0.034172324462890626,9.555885192871093,537.236459250217,745.7393213989454,4,0.27963813826151307
Rational,8,Flint,4,241.3731735,0.09733641552734375,10.029154541015625,2482.6262479466077,2767.4495538326637,4,0.10303599620635541
Rational,8,Z3,4,245.3141525,0.04065021215820312,10.36339825439453,6016.0089040191515,8096.342475034921,4,0.25494081590674356
Quadratic,1,Flint,4,9.609819375,0.021808653686523436,8.338098815917968,438.8155046040092,706.0023409262383,4,0.3823298281392978
Quadratic,1,Z3,4,9.3515121875,0.016050840454101562,8.41842822265625,579.590499639451,1233.4006462272043,4,0.5244851973159474
Quadratic,2,Flint,4,25.00970075,0.06252108984375,9.61657196044922,394.6134589488907,467.0120668145754,4,0.15381324900897503
Quadratic,2,Z3,4,24.850252,0.031064834716796875,9.582556701660156,799.9444590798978,1157.2907037275731,4,0.30846958591667095
Quadratic,4,Flint,4,248.3550665,0.11695666015625,10.114667541503906,2111.69296229415,2307.9727294981485,4,0.08648218517860431
Quadratic,4,Z3,4,253.620741,0.036359103515625,10.320046020507812,6905.614818924936,9620.155646731702,4,0.2838366467444079
