degree,backend,complete_pairs,native_ms,external_ms,protocol_us,raw_ratio,adjusted_ratio,hex_raw_ratio,hex_adjusted_ratio,protocol_fraction
4,Flint,4,0.035243583740234376,0.08529488427734375,7.1323071899414066,2.4372323507375273,2.2334504867361202,0.410313557916891,0.44775147818628847,0.0836194016835768
4,Z3,4,0.03511910961914062,0.05402673681640625,7.0093251953125,1.5429111798710005,1.3429381717711524,0.6481254560842771,0.7446368081302479,0.12973808170446424
8,Flint,4,0.1012403076171875,0.201489771484375,6.882649475097656,1.9839357029610467,1.9158426317024102,0.5040869164477421,0.5220019755158471,0.034158803319856795
8,Z3,4,0.1026761083984375,0.110130517578125,6.710752746582031,1.0848854535831753,1.0186130682687438,0.9219586795853274,0.9819594745506309,0.06093454288745642
16,Flint,4,0.33982898046875,0.550740765625,7.1313798828125,1.6285663498557297,1.607478128759039,0.6140386318274276,0.6220939429805372,0.012948705321857842
16,Z3,4,0.338162115234375,0.3446552578125,7.021268005371094,1.019580642517235,0.9988798155269728,0.980801144475471,1.0011279056610092,0.020371858099407895
32,Flint,4,1.3125157734375,3.54492078125,7.110777526855469,2.700876226371709,2.6954585661103003,0.3702522459813282,0.37099643457152365,0.0020059059047147693
32,Z3,4,1.3006205546875,1.848179953125,7.064155029296875,1.4226498626520943,1.4171795793531583,0.7029181893757976,0.7056315788665442,0.003822222515373803
64,Flint,4,5.57141625,35.27002275,7.164856628417969,6.335366798396316,6.334079629262501,0.15784563936148732,0.15787771622957725,0.00020314295454822094
64,Z3,4,5.59801196875,14.86056225,7.078267150878906,2.653998658207767,2.652737587734044,0.37679009747130676,0.37696921654597043,0.00047631220352237387
